{
  "creeps_stacked": [25, 24, 6, 0, 16, 29, 17, 10, 23, 0],
  "camps_stacked": [8, 7, 2, 0, 5, 8, 5, 5, 6, 0],
  "rune_pickups": [2, 7, 6, 5, 3, 4, 3, 11, 4, 20],
  "firstblood_claimed": [0, 0, 0, 0, 0, 1, 0, 0, 0, 0],
  "towers_killed": [0, 0, 7, 0, 0, 2, 0, 1, 0, 1],
  "roshans_killed": [0, 0, 0, 0, 0, 1, 0, 0, 0, 1],
  "stuns": [
    76.699684, 0.0, 7.1667366, 43.766655, 14.30002, 41.265472, 31.333183, 10.0,
    26.200146, 116.29945
  ],
  "items": [
    [911, 1466, 39, 141, 108, 116],
    [229, 4, 73, 42, 36, 73],
    [1808, 116, 156, 1, 147, 135],
    [4206, 1, 218, 0, 36, 23],
    [242, 119, 96, 4, 692, 259],
    [96, 108, 242, 7, 30, 116],
    [0, 100, 185, 1, 40, 73],
    [3, 1, 41, 256, 1806, 235],
    [232, 36, 54, 4, 108, 240],
    [108, 1, 100, 116, 235, 110]
  ],
  "backpack": [
    [0, 0, 0],
    [0, 188, 0],
    [0, 0, 0],
    [4204, 0, 0],
    [0, 0, 0],
    [73, 0, 0],
    [675, 0, 43],
    [0, 0, 0],
    [0, 0, 0],
    [1159, 41, 3]
  ],
  "item_neutral": [825, 990, 309, 362, 949, 676, 362, 585, 300, 300],
  "kills": [4, 0, 8, 0, 10, 11, 2, 2, 1, 6],
  "deaths": [6, 3, 2, 7, 4, 3, 6, 6, 4, 3],
  "assists": [7, 14, 7, 13, 6, 12, 20, 10, 10, 12],
  "last_hits": [468, 25, 546, 35, 373, 244, 45, 430, 140, 438],
  "denies": [10, 4, 16, 6, 5, 13, 4, 8, 3, 8],
  "gold_per_min": [632, 292, 799, 259, 620, 664, 314, 565, 334, 676],
  "xp_per_min": [790, 478, 914, 385, 863, 712, 546, 700, 459, 926],
  "level": [25, 19, 26, 17, 25, 23, 21, 23, 19, 26],
  "net_worth": [
    24194, 10930, 29314, 6575, 23255, 26661, 11745, 20555, 13873, 28325
  ],
  "hero_damage": [
    32379, 5304, 34476, 12658, 30014, 22555, 8760, 20306, 16646, 30896
  ],
  "tower_damage": [498, 96, 21842, 0, 32, 7669, 127, 986, 0, 2620],
  "hero_healing": [125, 9691, 902, 9203, 0, 6030, 0, 0, 0, 0],
  "total_gold": [
    27492, 12702, 34756, 11266, 26970, 28884, 13659, 24577, 14529, 29406
  ],
  "total_xp": [
    34365, 20793, 39759, 16747, 37540, 30972, 23751, 30450, 19966, 40281
  ],
  "neutral_kills": [208, 5, 235, 10, 155, 52, 5, 172, 74, 182],
  "tower_kills": [0, 0, 7, 0, 0, 2, 0, 1, 0, 1],
  "courier_kills": [0, 0, 0, 1, 0, 0, 0, 1, 0, 1],
  "hero_kills": [4, 0, 8, 0, 10, 11, 2, 2, 1, 5],
  "observer_kills": [0, 5, 0, 4, 0, 1, 1, 1, 1, 1],
  "sentry_kills": [2, 5, 0, 3, 0, 2, 1, 2, 2, 1],
  "roshan_kills": [0, 0, 0, 0, 0, 1, 0, 1, 0, 1],
  "necronomicon_kills": [0, 0, 0, 0, 0, 0, 0, 0, 0, 0],
  "ancient_kills": [40, 1, 34, 0, 47, 9, 0, 7, 0, 33],
  "buyback_count": [0, 0, 1, 2, 1, 0, 1, 1, 1, 0],
  "purchase_gem": [0, 1, 0, 1, 0, 0, 0, 0, 0, 0],
  "purchase_rapier": [0, 0, 0, 0, 0, 0, 0, 0, 0, 0],
  "primary_attribute": [
    1, 0, 2, 1, 1, 3, 0, 0, 2, 1, 1, 3, 3, 2, 2, 0, 2, 1, 3, 0, 1, 2, 3, 2
  ],
  "roles_vector": [
    [0, 0, 1, 1, 1, 0, 0, 1],
    [1, 1, 0, 1, 0, 0, 1, 1],
    [1, 1, 1, 1, 0, 1, 0, 0],
    [1, 1, 0, 1, 0, 0, 0, 1],
    [0, 1, 0, 0, 1, 1, 1, 0],
    [1, 0, 0, 1, 1, 1, 1, 1],
    [1, 0, 0, 1, 1, 0, 0, 0],
    [0, 1, 0, 1, 0, 1, 1, 1],
    [0, 1, 1, 0, 0, 0, 0, 1],
    [0, 1, 0, 1, 0, 1, 0, 1],
    [0, 1, 0, 1, 0, 1, 0, 0],
    [0, 1, 0, 0, 0, 1, 0, 0],
    [0, 1, 1, 1, 0, 1, 1, 0],
    [1, 0, 1, 1, 0, 0, 1, 1],
    [0, 1, 1, 0, 0, 0, 1, 0],
    [0, 1, 1, 1, 1, 0, 0, 1],
    [1, 1, 0, 1, 0, 0, 0, 0],
    [1, 1, 0, 1, 0, 0, 1, 0],
    [0, 0, 0, 1, 0, 1, 1, 0],
    [0, 1, 0, 1, 0, 0, 1, 1],
    [0, 1, 0, 1, 0, 0, 0, 1],
    [1, 1, 1, 1, 1, 1, 0, 0],
    [0, 1, 0, 1, 0, 0, 1, 1],
    [1, 1, 0, 1, 0, 0, 0, 1]
  ],
  "radiant_picks": [55, 9, 90, 98, 6],
  "dire_picks": [20, 81, 96, 12, 116],
  "radiant_bans": [15, 67, 51, 87, 33, 118, 84],
  "dire_bans": [56, 77, 31, 23, 124, 30, 47],
  "duration": 2610
}
